Year,TotalCost
0,-15674747.61890785
1,-15714276.690140516
2,-15713404.616246983
3,-15717449.478589706
