Year,TotalCost
0,-15674747.61890459
1,-15714276.69014022
2,-15713404.616245108
3,-15717449.478592673
4,-15708813.271701088
5,-15715264.345554706
6,-15714111.85637426
